user_id,user_fname,user_mname,user_lname,user_suffix,user_email,user_height,user_weight,user_birthday,user_gender,user_address,user_contact,user_status,user_image,user_rfid
1,Niel,"Andrew N. De",Guzman,,nielandreweguzman@gmail.com,167,55,2005-06-19,Male,Licaong,9297923332,inactive,default.png,1258803490
2,Ardee,V.,Daniel,,ardeev.daniel@gmail.com,171,82,2006-05-16,Male,"Brgy. Licaong, Science City of Munoz",9276717748,inactive,default.png,1262756050
3,Christian,Jairus,Sanchez,,christiabjairuz9@gmail.com,172,74,2005-10-21,Male,"BUKANG LIWAYWAY, SCM",9565912076,inactive,default.png,1260864194
4,Cyy,,Biendima,,calyx15@ymail.com,163,65,1993-03-15,Female,"Abar 1st, San Jose City, Nueva Ecij",9278298540,inactive,default.png,711350788
5,Joshua,,Superio,,superiojosh@gmail.com,168,755,1994-08-02,Male,BANTUG,9618353660,inactive,default.png,3878600964
6,Keenan,"Barry S.",Tablizo,,keenantablizo0961@gmail.com,170,73,2002-03-19,Male,"brgy. Tayabo San Jose City nueva Ecija",9614143213,inactive,default.png,3526519300
7,Lance,,Albino,,apsalbino15@gmail.com,510,74,1997-07-15,Male,"clsu old trailer",9661560900,inactive,default.png,3871794116
8,Gem,M.,Inigo,,gemchelle05091927@gmail.com,55,68,1990-09-14,Male,"PNR CLSU",9391622614,inactive,default.png,1079014806
9,Khylle,G.,Nugoy,,nugoykhylleg20@gmail.com,179,89,2006-06-20,Male,"Bagong Sikat  Munoz",9616154253,inactive,default.png,1259726578
10,Joel,Carl,Salazar,,saazafjc@gmail.com,175,80,2006-04-23,Male,Magtanggol,9944137980,active,default.png,123123
11,Emmanuel,,Corpuz,,corpuzemmanuelbaguio@gmail.com,170,64,2002-08-19,Male,"Bagong Sikat",9152800815,inactive,default.png,1598744758
12,Joaquin,Raphael,Diaz,,diaz.joquin@clsu2.edu.ph,173,86,2001-06-03,Male,"Imus, Cavite",9232869182,inactive,default.png,352255010
13,Jules,"Gerald M,",Jose,,jose.jules@clsu2.edu.ph,178,77,2004-07-26,Male,"Cavite, guimba, Nueva Ecija",9610198141,inactive,default.png,3326489086
14,Raymond,,Luna,,lunaaaraymond@gmail.com,180,78,2003-09-15,Male,"Cabanatuan City",9560727864,inactive,default.png,1887066301
15,Louise,"Zane De",Jesus,,louis.dejesus@clsu2.edu.ph,170,70,2003-06-24,Male,Gapan,9976938684,inactive,default.png,4158367933
16,Mark,Gerald,Murillo,,markgerald.murillo@gmail.com,56,85,1995-08-12,Male,"STO. DOMINGO",9669761992,inactive,default.png,3870776612
17,Wyenne,"Lenard D.C.",Villanueva,,wyennevillanueava123@gmail.com,169,73,2008-09-26,Male,"Bagong Sikat Science City of Munoz, Nueva Ecija",9666313399,inactive,default.png,3870321412
18,Princess,"Mika O.",Flores,,027FMIKAY@GMAIL.COM,52,47,2006-02-27,Female,"PINGOL BOARDING HOUSE, BUKANG LIWAYWAY, BANTUG",9667018758,inactive,default.png,1256200754
19,Edrian,"Malcolm D.",Agustin,,AGUSTINEDRIAN539@GMAIL.COM,53,56,2006-09-04,Male,"PINGOL BOARDING HOUSE BUKANG LIWAYWAY BANTUG",9928248148,inactive,default.png,3871396628
20,Loewin,Jon,Villanueva,,lj0bsididian@gmail.com,170,77,2003-07-20,Male,"Science City of Munoz Nueva Ecija",9641621923,inactive,default.png,4158067837
21,Martin,"Amiel A.",Ysais,,MARTINAMIELYSAIS@GMAIL.COM,170,69,2006-07-25,Male,"STA. MONICA, CONCEPCION, TARLAC",9930650452,inactive,default.png,367320466
22,John,Andrei,Bautista,,JOHNANDREI136@GMAIL.COM,183,65,2006-02-04,Male,"CONCEPCION TARLAC",9924671180,inactive,default.png,1261376962
23,Jayvee,A.,Garcia,,jayveegarcia94@gmail.com,160,55,1994-04-28,Male,"MALIGAYA, N.E.",9615963724,inactive,default.png,263479556
24,Nes,"Linn Paul",Viloria,,NESLINN@ICLOUD.COM,150,70,1998-07-12,Male,"378 D. DELOS SANTOS ST, MUNOZ",9997124012,inactive,default.png,1077833814
25,Klein,"Arjay L.",Candelario,,kleinarjaycandelario@gmail.com,158,56,2007-04-04,Male,"BAGONG SIKAT, SCM",9618491093,inactive,default.png,3871046916
26,Matt,"Calgae S.",Feria,,MATTFERIA777@GMAIL.COM,164,89,2003-12-03,Male,"ROSEVILLE, SAN JOSE CITY",9663992453,inactive,default.png,1887767469
27,Daniel,T.,Manuel,,LUZMANUEL5380@GMAIL.COM,183,85,2006-12-03,Male,"CLSU DORM 6",9916151104,inactive,default.png,3871361092
28,"Rence Jio Smith",D,Bal-Ot,,rennce.jio.smith@gmail.com,170,66,2004-03-02,M,"LICAONG SCM",09534271345,inactive,28-j0yLzP.jpg,4158329229
29,Jason,Dc.,Rabang,,rabangjason57@gmail.com,1722,78,2004-10-28,Male,"10 ZONE 1,ABAR 2ND,SJC, NE",9947323858,inactive,default.png,3959267625
30,Jerico,L.,Gammad,,JERICO.GAMMAD.05.03@GMAIL.COM,163,75,2003-11-05,Male,"BANTUG SCIENCE CITY OF MUNOZ, NE",9608398189,inactive,default.png,2060409485
31,Elijah,Lee,Marcelo,,gwenjoseelijah.marcelo@clsu2.edu.ph,511,79,2005-03-20,M,"Zone 1, Sto Tomas, SJC",9455223937,inactive,default.png,2015431260
32,Almira,Rose,Corpuz,,CORPUSRALMIRAROSE16@GMAIL.COM,180,60,2006-06-09,Female,"BANTUG, SCM, N.E",9673022882,inactive,default.png,1255666530
33,Kyra,Sophia,Dumale,,KYRASOPHIAD@MAIL.COM,162,64,2000-03-05,Female,"ZONE 2, LICAONG, SCM, NE",9278614962,inactive,default.png,3871319028
34,Earl,"John Andrew F.",Valentos,,VALENTOS.EARL@CLSU2.EDU.PH,170,74,2005-02-02,Male,"BAGONG SIKAT, MUNOZ",9916151397,inactive,default.png,3959139737
35,Ruvina,T.,Castillo,,CASTILLORUVINA08@GMAIL.COM,154,63,2000-10-08,Female,"BAGONG SIKAT, SCM",9283079846,inactive,default.png,1077985958
36,Brian,Reiley,Santiago,,REILEY.SANTIAGO@GMAIL.COM,172,80,2002-12-07,Male,FRANZA,9294924603,inactive,default.png,3979370756
37,Christopher,,Geranta,,CGGERANTA@GMAIL.COM,173,87,1998-12-04,Male,TALAVERA,9605832618,inactive,default.png,415506692
38,Arnel,,Nueda,,ARNELNUEDA006@GMAIL.COM,175,73,1991-08-06,Male,CLSU,9563676153,inactive,default.png,479920388
153,asd,asd,asd,asd,asd@gmail.com,123,123,1988-08-23,F,asd,123123,active,default.png,123
